{
    "videos":[
        {
            "id": "0",
            "title": "Cuando l@s ingenier@s les rompen el corazón",
            "url": "https://www.youtube.com/watch?v=hB3Y7DqIB3A"
        },
        {
            "id": "1",
            "title": "Ciclo while do-while",
            "url": "https://www.youtube.com/watch?v=QLIVxiOY2XA"
        },
        {
            "id": "2",
            "title": "Consejo tomarApunes",
            "url": "https://www.youtube.com/watch?v=xihrXCyOlz0"
        }
    ]
}